{
  "acc@1": 0.3181709131039777,
  "acc@10": 0.6337027973705677,
  "acc@100": 0.812964828942949,
  "acc@1000": 0.9102250371863154,
  "MRR": 0.4268199701455361,
  "acc@1-len": 0.5402331941845401,
  "acc@10-len": 0.8022647665659037,
  "acc@100-len": 0.9125761719687155,
  "acc@1000-len": 0.9715464708987093,
  "MRR-len": 0.6363131167444979
}