{
  "acc@1": 0.11788345612860013,
  "acc@10": 0.3492967180174146,
  "acc@100": 0.6098459477561956,
  "acc@1000": 0.8148024112525117,
  "MRR": 0.19653261745420805,
  "acc@1-len": 0.3603482920294709,
  "acc@10-len": 0.6503683858004019,
  "acc@100-len": 0.8425987943737442,
  "acc@1000-len": 0.9581379772270596,
  "MRR-len": 0.45788782201785394
}