{
  "acc@1": 0.09,
  "acc@10": 0.25,
  "acc@100": 0.59,
  "acc@1000": 0.82,
  "MRR": 0.14588877089784302,
  "acc@1-len": 0.28,
  "acc@10-len": 0.6,
  "acc@100-len": 0.84,
  "acc@1000-len": 0.94,
  "MRR-len": 0.38066132604452113
}