{
  "acc@1": 0.17539388322520852,
  "acc@10": 0.4054680259499537,
  "acc@100": 0.6329935125115848,
  "acc@1000": 0.822289156626506,
  "MRR": 0.25251308567756237,
  "acc@1-len": 0.3556533827618165,
  "acc@10-len": 0.6260426320667285,
  "acc@100-len": 0.82483781278962,
  "acc@1000-len": 0.9573679332715477,
  "MRR-len": 0.45006350017534547
}